Item ID,Item Category,Item Name,Sanction
15016,AA MAX (Left),NS-10 Burster,max
16016,AA MAX (Left),NS-10 Burster,max
17016,AA MAX (Left),NS-10 Burster,max
804742,AA MAX (Left),NS-10B Burster,max
804744,AA MAX (Left),NS-10B Burster,max
804746,AA MAX (Left),NS-10B Burster,max
804748,AA MAX (Left),NS-10G Burster,max
804750,AA MAX (Left),NS-10G Burster,max
804752,AA MAX (Left),NS-10G Burster,max
15004,AA MAX (Right),NS-10 Burster,max
16004,AA MAX (Right),NS-10 Burster,max
17004,AA MAX (Right),NS-10 Burster,max
804741,AA MAX (Right),NS-10B Burster,max
804743,AA MAX (Right),NS-10B Burster,max
804745,AA MAX (Right),NS-10B Burster,max
804747,AA MAX (Right),NS-10G Burster,max
804749,AA MAX (Right),NS-10G Burster,max
804751,AA MAX (Right),NS-10G Burster,max
802768,Aerial Combat Weapon,Rocklet Rifle,none
804939,Aerial Combat Weapon,Rocklet Rifle,none
804940,Aerial Combat Weapon,Rocklet Rifle,none
6005191,Aerial Combat Weapon,Rocklet Rifle,none
7507,AI MAX (Left),AF-23 Grinder,max
7505,AI MAX (Left),AF-34 Mattock,max
7506,AI MAX (Left),AF-41 Hacksaw,max
7525,AI MAX (Left),Blueshift VM5,max
7520,AI MAX (Left),Cosmos VM3,max
15000,AI MAX (Left),M1 Heavy Cycler,max
7513,AI MAX (Left),M2 Mutilator,max
7512,AI MAX (Left),M6 Onslaught,max
7518,AI MAX (Left),MRC3 Mercy,max
16000,AI MAX (Left),NCM1 Scattercannon,max
7519,AI MAX (Left),Nebula VM20,max
17000,AI MAX (Left),Quasar VM1,max
16026,AI MAX (Right),AF-23 Grinder,max
16024,AI MAX (Right),AF-34 Mattock,max
16025,AI MAX (Right),AF-41 Hacksaw,max
17030,AI MAX (Right),Blueshift VM5,max
17025,AI MAX (Right),Cosmos VM3,max
15012,AI MAX (Right),M1 Heavy Cycler,max
15025,AI MAX (Right),M2 Mutilator,max
15024,AI MAX (Right),M6 Onslaught,max
15030,AI MAX (Right),MRC3 Mercy,max
16012,AI MAX (Right),NCM1 Scattercannon,max
17024,AI MAX (Right),Nebula VM20,max
17012,AI MAX (Right),Quasar VM1,max
6004869,ANT Harvesting Tool,WLT-ARX Mining Laser,none
6004870,ANT Harvesting Tool,WLT-ARX Mining Laser,none
6004871,ANT Harvesting Tool,WLT-ARX Mining Laser,none
6005888,ANT Harvesting Tool,WLT-ARX Mining Laser,none
6002141,ANT Harvesting Tool,WLT-Howler Mining Laser,none
6002142,ANT Harvesting Tool,WLT-Howler Mining Laser,none
6002143,ANT Harvesting Tool,WLT-Howler Mining Laser,none
6005435,ANT Harvesting Tool,WLT-Howler Mining Laser,none
803423,ANT Harvesting Tool,WLT-Mandible Mining Laser,none
803424,ANT Harvesting Tool,WLT-Mandible Mining Laser,none
803425,ANT Harvesting Tool,WLT-Mandible Mining Laser,none
6005436,ANT Harvesting Tool,WLT-Mandible Mining Laser,none
803485,ANT Top Turret,G30 Walker,gunner
803486,ANT Top Turret,G30 Walker,gunner
803487,ANT Top Turret,G30 Walker,gunner
6005429,ANT Top Turret,G30 Walker,gunner
803488,ANT Top Turret,G40-F Ranger,gunner
803489,ANT Top Turret,G40-F Ranger,gunner
803490,ANT Top Turret,G40-F Ranger,gunner
6005430,ANT Top Turret,G40-F Ranger,gunner
803482,ANT Top Turret,M12 Kobalt,gunner
803483,ANT Top Turret,M12 Kobalt,gunner
803484,ANT Top Turret,M12 Kobalt,gunner
6005432,ANT Top Turret,M12 Kobalt,gunner
803501,ANT Top Turret,M20 Basilisk,gunner
803502,ANT Top Turret,M20 Basilisk,gunner
803503,ANT Top Turret,M20 Basilisk,gunner
6005428,ANT Top Turret,M20 Basilisk,gunner
6005536,ANT Top Turret,M20 Basilisk,gunner
6005537,ANT Top Turret,M20 Basilisk,gunner
6005538,ANT Top Turret,M20 Basilisk,gunner
803491,ANT Top Turret,M40 Fury,gunner
803492,ANT Top Turret,M40 Fury,gunner
803493,ANT Top Turret,M40 Fury,gunner
6005431,ANT Top Turret,M40 Fury,gunner
803494,ANT Top Turret,M60-G Bulldog,gunner
803495,ANT Top Turret,M60-G Bulldog,gunner
803496,ANT Top Turret,M60-G Bulldog,gunner
6005433,ANT Top Turret,M60-G Bulldog,gunner
6005541,ANT Top Turret,WLT-Weaver Mining Turret,none
6005542,ANT Top Turret,WLT-Weaver Mining Turret,none
6005543,ANT Top Turret,WLT-Weaver Mining Turret,none
6006283,ANT Top Turret,WLT-Weaver Mining Turret,none
803497,ANT Top Turret,WLT-Yellowjacket Mining Laser,none
803498,ANT Top Turret,WLT-Yellowjacket Mining Laser,none
803499,ANT Top Turret,WLT-Yellowjacket Mining Laser,none
6005434,ANT Top Turret,WLT-Yellowjacket Mining Laser,none
6009864,Assault Rifle,UNKNOWN Assault Rifle #6009864,
6009891,Assault Rifle,UNKNOWN Assault Rifle #6009891,
6009892,Assault Rifle,UNKNOWN Assault Rifle #6009892,
6009893,Assault Rifle,UNKNOWN Assault Rifle #6009893,
6009894,Assault Rifle,UNKNOWN Assault Rifle #6009894,
6009895,Assault Rifle,UNKNOWN Assault Rifle #6009895,
6009896,Assault Rifle,UNKNOWN Assault Rifle #6009896,
6009897,Assault Rifle,UNKNOWN Assault Rifle #6009897,
6009898,Assault Rifle,UNKNOWN Assault Rifle #6009898,
6009899,Assault Rifle,UNKNOWN Assault Rifle #6009899,
6009900,Assault Rifle,UNKNOWN Assault Rifle #6009900,
6009901,Assault Rifle,UNKNOWN Assault Rifle #6009901,
7103,Assault Rifle,Carnage AR,infantry
7149,Assault Rifle,CME,infantry
7152,Assault Rifle,Corvus VA55,infantry
7124,Assault Rifle,Cycler TRV,infantry
1909,Assault Rifle,Darkstar,infantry
7150,Assault Rifle,Equinox VE2 Burst,infantry
77822,Assault Rifle,Gauss Prime,infantry
7101,Assault Rifle,Gauss Rifle Burst,infantry
73,Assault Rifle,GR-22,infantry
6002896,Assault Rifle,GR-22AE,infantry
7148,Assault Rifle,H-V45,infantry
6002852,Assault Rifle,H-V45 AE,infantry
6006187,Assault Rifle,MG-A1 Arbalest,infantry
6006186,Assault Rifle,MGR-A1 Vanquisher,infantry
4,Assault Rifle,NC1 Gauss Rifle,infantry
7104,Assault Rifle,NC9 A-Tross,infantry
6009604,Assault Rifle,"NS-11 ""Endeavor"" Assault Rifle",infantry
70998,Assault Rifle,NS-11A,infantry
6003571,Assault Rifle,"NS-11A ""Heatwave""",infantry
802099,Assault Rifle,NS-11AB,infantry
802101,Assault Rifle,NS-11AG,infantry
69999,Assault Rifle,NS-11P,infantry
6008645,Assault Rifle,"NSX ""Ivory"" Yumi",infantry
6008665,Assault Rifle,"NSX ""Networked"" Yumi",infantry
804246,Assault Rifle,NSX Yumi,infantry
6008371,Assault Rifle,PSA-02 Diamondback,infantry
20,Assault Rifle,Pulsar VS1,infantry
7108,Assault Rifle,Reaper DMR,infantry
7125,Assault Rifle,SABR-13,infantry
14,Assault Rifle,T1 Cycler,infantry
1904,Assault Rifle,T1A Unity,infantry
7126,Assault Rifle,T1B Cycler,infantry
7128,Assault Rifle,TAR,infantry
6002874,Assault Rifle,TAR-AE,infantry
7153,Assault Rifle,Terminus VX-9,infantry
7129,Assault Rifle,TORQ-9,infantry
6006188,Assault Rifle,VE-A Lacerta,infantry
7151,Assault Rifle,Equinox VE2,none
7102,Assault Rifle,Gauss Rifle S,none
7127,Assault Rifle,T1S Cycler,none
17013,AV MAX (Left),Comet VM2,max
15013,AV MAX (Left),M3 Pounder HEG,max
16030,AV MAX (Left),MR1 Fracture,max
16013,AV MAX (Left),NCM2 Falcon,max
16028,AV MAX (Left),NCM3 Raven,max
6003600,AV MAX (Left),"NS-20 ""Heatwave"" Gorgon",max
6003601,AV MAX (Left),"NS-20 ""Heatwave"" Gorgon",max
6003603,AV MAX (Left),"NS-20 ""Heatwave"" Gorgon",max
804652,AV MAX (Left),NS-20 Gorgon,max
804654,AV MAX (Left),NS-20 Gorgon,max
804656,AV MAX (Left),NS-20 Gorgon,max
804717,AV MAX (Left),NS-20B Gorgon,max
804719,AV MAX (Left),NS-20B Gorgon,max
804721,AV MAX (Left),NS-20B Gorgon,max
804723,AV MAX (Left),NS-20G Gorgon,max
804725,AV MAX (Left),NS-20G Gorgon,max
804727,AV MAX (Left),NS-20G Gorgon,max
16032,AV MAX (Left),Vortex VM21,max
17001,AV MAX (Right),Comet VM2,max
15001,AV MAX (Right),M3 Pounder HEG,max
16031,AV MAX (Right),MR1 Fracture,max
16001,AV MAX (Right),NCM2 Falcon,max
16029,AV MAX (Right),NCM3 Raven,max
6003599,AV MAX (Right),"NS-20 ""Heatwave"" Gorgon",max
6003602,AV MAX (Right),"NS-20 ""Heatwave"" Gorgon",max
6003604,AV MAX (Right),"NS-20 ""Heatwave"" Gorgon",max
804653,AV MAX (Right),NS-20 Gorgon,max
804655,AV MAX (Right),NS-20 Gorgon,max
804657,AV MAX (Right),NS-20 Gorgon,max
804718,AV MAX (Right),NS-20B Gorgon,max
804720,AV MAX (Right),NS-20B Gorgon,max
804722,AV MAX (Right),NS-20B Gorgon,max
804724,AV MAX (Right),NS-20G Gorgon,max
804726,AV MAX (Right),NS-20G Gorgon,max
804728,AV MAX (Right),NS-20G Gorgon,max
16033,AV MAX (Right),Vortex VM21,max
6008906,Bastion Bombard,Mauler Cannon,none
6008907,Bastion Bombard,Mauler Cannon,none
6008908,Bastion Bombard,Mauler Cannon,none
6008909,Bastion Bombard,Mauler Cannon,none
6009001,Bastion Bombard,Mauler Cannon,none
6009002,Bastion Bombard,Mauler Cannon,none
6009003,Bastion Bombard,Mauler Cannon,none
6009004,Bastion Bombard,Mauler Cannon,none
6009005,Bastion Bombard,Mauler Cannon,none
6009006,Bastion Bombard,Mauler Cannon,none
6009007,Bastion Bombard,Mauler Cannon,none
6009008,Bastion Bombard,Mauler Cannon,none
6008901,Bastion Point Defense,Bastion CDWS,none
6009023,Bastion Point Defense,Bastion CDWS,none
6009024,Bastion Point Defense,Bastion CDWS,none
6008903,Bastion Point Defense,Bastion CIWS,none
6008904,Bastion Point Defense,Bastion CIWS,none
6008905,Bastion Point Defense,Bastion CIWS,none
6008928,Bastion Point Defense,Bastion CIWS,none
6009015,Bastion Point Defense,Bastion CIWS,none
6009016,Bastion Point Defense,Bastion CIWS,none
6009017,Bastion Point Defense,Bastion CIWS,none
6009018,Bastion Point Defense,Bastion CIWS,none
6009019,Bastion Point Defense,Bastion CIWS,none
6009020,Bastion Point Defense,Bastion CIWS,none
6009021,Bastion Point Defense,Bastion CIWS,none
6009022,Bastion Point Defense,Bastion CIWS,none
6008910,Bastion Weapon System,Bastion Battery,none
6008911,Bastion Weapon System,Bastion Battery,none
6008929,Bastion Weapon System,Bastion Battery,none
6008930,Bastion Weapon System,Bastion Battery,none
6009036,Bastion Weapon System,Bastion Battery,none
6009037,Bastion Weapon System,Bastion Battery,none
6009038,Bastion Weapon System,Bastion Battery,none
6009039,Bastion Weapon System,Bastion Battery,none
6009040,Bastion Weapon System,Bastion Battery,none
6009041,Bastion Weapon System,Bastion Battery,none
6009042,Bastion Weapon System,Bastion Battery,none
6009043,Bastion Weapon System,Bastion Battery,none
25008,Battle Rifle,AMR-66,infantry
1989,Battle Rifle,DMR-99,infantry
26008,Battle Rifle,Eidolon VE33,infantry
1984,Battle Rifle,GD Guardian,infantry
6004216,Battle Rifle,MG-HBR1 Dragoon,infantry
6004209,Battle Rifle,MGR-M1 Bishop,infantry
6009101,Battle Rifle,NS-30 Tranquility,infantry
6005970,Battle Rifle,NSX-A Sesshin,infantry
1994,Battle Rifle,Revenant,infantry
6004214,Battle Rifle,VE-LR Obelisk,infantry
24008,Battle Rifle,Warden,infantry
1869,Carbine,19A Fortuna,infantry
7170,Carbine,AC-X11,infantry
3,Carbine,AF-19 Mercenary,infantry
7174,Carbine,AF-4A Bandit,infantry
6003947,Carbine,AF-4A Bandit AE,infantry
1919,Carbine,Eclipse VE3A,infantry
7171,Carbine,Gauss Compact Burst,infantry
7169,Carbine,GD-7F,infantry
7194,Carbine,HC1 Cougar,infantry
19000,Carbine,LC2 Lynx,infantry
6003968,Carbine,LC2 Lynx AE,infantry
7193,Carbine,LC3 Jaguar,infantry
6005049,Carbine,MG-C1 Kindred,infantry
6005055,Carbine,MGR-C1 Charger,infantry
6009656,Carbine,"NS-11 ""Endeavor"" Carbine",infantry
75005,Carbine,NS-11C,infantry
802100,Carbine,NS-11CB,infantry
802102,Carbine,NS-11CG,infantry
75234,Carbine,NS-11CP,infantry
804243,Carbine,NSX Tanto,infantry
6003752,Carbine,NSX-P Tanto,infantry
7211,Carbine,Pulsar C,infantry
7173,Carbine,Razor GD-23,infantry
7214,Carbine,Serpent VE92,infantry
7212,Carbine,Solstice Burst,infantry
44,Carbine,Solstice VE3,infantry
7190,Carbine,T5 AMC,infantry
43,Carbine,TRAC-5,infantry
7191,Carbine,TRAC-5 Burst,infantry
1914,Carbine,TRAC-Shot,infantry
6005110,Carbine,VE-C Horizon,infantry
20000,Carbine,VX6-7,infantry
7215,Carbine,Zenith VX-5,infantry
6003967,Carbine,Zenith VX-5AE,infantry
7172,Carbine,Gauss Compact S,none
7213,Carbine,Solstice SF,none
7192,Carbine,TRAC-5 S,none
6009235,Colossus Front Left Weapon,M12 Goblin SP,none
6009239,Colossus Front Left Weapon,M12 Goblin SP,none
6009243,Colossus Front Left Weapon,M12 Goblin SP,none
6009251,Colossus Front Left Weapon,M12 Goblin SP,none
6008750,Colossus Front Left Weapon,M20 Gecko,none
6009227,Colossus Front Left Weapon,M20 Gecko,none
6009231,Colossus Front Left Weapon,M20 Gecko,none
6009247,Colossus Front Left Weapon,M20 Gecko,none
6009255,Colossus Front Left Weapon,M60 Pug,none
6009259,Colossus Front Left Weapon,M60 Pug,none
6009263,Colossus Front Left Weapon,M60 Pug,none
6009267,Colossus Front Left Weapon,M60 Pug,none
6009271,Colossus Front Left Weapon,M75 Fang,none
6009275,Colossus Front Left Weapon,M75 Fang,none
6009279,Colossus Front Left Weapon,M75 Fang,none
6009283,Colossus Front Left Weapon,M75 Fang,none
6009234,Colossus Front Right Weapon,M12 Goblin SP,none
6009238,Colossus Front Right Weapon,M12 Goblin SP,none
6009242,Colossus Front Right Weapon,M12 Goblin SP,none
6009250,Colossus Front Right Weapon,M12 Goblin SP,none
6008749,Colossus Front Right Weapon,M20 Gecko,none
6009226,Colossus Front Right Weapon,M20 Gecko,none
6009230,Colossus Front Right Weapon,M20 Gecko,none
6009246,Colossus Front Right Weapon,M20 Gecko,none
6009254,Colossus Front Right Weapon,M60 Pug,none
6009258,Colossus Front Right Weapon,M60 Pug,none
6009262,Colossus Front Right Weapon,M60 Pug,none
6009266,Colossus Front Right Weapon,M60 Pug,none
6009270,Colossus Front Right Weapon,M75 Fang,none
6009274,Colossus Front Right Weapon,M75 Fang,none
6009278,Colossus Front Right Weapon,M75 Fang,none
6009282,Colossus Front Right Weapon,M75 Fang,none
6003420,Colossus Primary Weapon,Mammoth Cannon,none
6008734,Colossus Primary Weapon,Mammoth Cannon,none
6008735,Colossus Primary Weapon,Mammoth Cannon,none
6008736,Colossus Primary Weapon,Mammoth Cannon,none
6009273,Colossus Rear Left Weapon,Dingo ML-6,none
6009277,Colossus Rear Left Weapon,Dingo ML-6,none
6009281,Colossus Rear Left Weapon,Dingo ML-6,none
6009285,Colossus Rear Left Weapon,Dingo ML-6,none
6009237,Colossus Rear Left Weapon,M12 Goblin SP,none
6009241,Colossus Rear Left Weapon,M12 Goblin SP,none
6009245,Colossus Rear Left Weapon,M12 Goblin SP,none
6009253,Colossus Rear Left Weapon,M12 Goblin SP,none
6008752,Colossus Rear Left Weapon,M20 Gecko,none
6009229,Colossus Rear Left Weapon,M20 Gecko,none
6009233,Colossus Rear Left Weapon,M20 Gecko,none
6009249,Colossus Rear Left Weapon,M20 Gecko,none
6009257,Colossus Rear Left Weapon,M60 Pug,none
6009261,Colossus Rear Left Weapon,M60 Pug,none
6009265,Colossus Rear Left Weapon,M60 Pug,none
6009269,Colossus Rear Left Weapon,M60 Pug,none
6009272,Colossus Rear Right Weapon,Dingo ML-6,none
6009276,Colossus Rear Right Weapon,Dingo ML-6,none
6009280,Colossus Rear Right Weapon,Dingo ML-6,none
6009284,Colossus Rear Right Weapon,Dingo ML-6,none
6009236,Colossus Rear Right Weapon,M12 Goblin SP,none
6009240,Colossus Rear Right Weapon,M12 Goblin SP,none
6009244,Colossus Rear Right Weapon,M12 Goblin SP,none
6009252,Colossus Rear Right Weapon,M12 Goblin SP,none
6008751,Colossus Rear Right Weapon,M20 Gecko,none
6009228,Colossus Rear Right Weapon,M20 Gecko,none
6009232,Colossus Rear Right Weapon,M20 Gecko,none
6009248,Colossus Rear Right Weapon,M20 Gecko,none
6009256,Colossus Rear Right Weapon,M60 Pug,none
6009260,Colossus Rear Right Weapon,M60 Pug,none
6009264,Colossus Rear Right Weapon,M60 Pug,none
6009268,Colossus Rear Right Weapon,M60 Pug,none
2310,Crossbow,Blackheart,none
2309,Crossbow,Heartstring,none
2308,Crossbow,Hunter QCX,none
2317,Crossbow,Hunter QCX-B,none
2318,Crossbow,Hunter QCX-G,none
50562,Crossbow,Hunter QCX-P,none
1044,Explosive,Bouncing Betty,none
432,Explosive,C-4,none
800623,Explosive,C-4 ARX,none
6009782,Explosive,C-4 Present,none
429,Explosive,Claymore,none
804701,Explosive,Command Uplink Device,none
6005243,Explosive,F.U.S.E. (Anti-Infantry),none
6010115,Explosive,Outdated Network Terminal,none
1045,Explosive,Proximity Mine,none
6005422,Explosive,Proximity Mine,none
6005963,Explosive,Proximity Mine,none
650,Explosive,Tank Mine,none
6005961,Explosive,Tank Mine,none
6005962,Explosive,Tank Mine,none
6004753,Flash Primary Weapon,LA7 Buzzard,none
2500,Flash Primary Weapon,M12 Kobalt-F,none
2501,Flash Primary Weapon,M12 Kobalt-F,none
2502,Flash Primary Weapon,M12 Kobalt-F,none
6005168,Flash Primary Weapon,M12 Kobalt-F,none
2507,Flash Primary Weapon,M20 Basilisk-F,none
2508,Flash Primary Weapon,M20 Basilisk-F,none
2509,Flash Primary Weapon,M20 Basilisk-F,none
6005166,Flash Primary Weapon,M20 Basilisk-F,none
6004754,Flash Primary Weapon,M4-F Pillager,none
2510,Flash Primary Weapon,M40 Fury-F,none
2511,Flash Primary Weapon,M40 Fury-F,none
2512,Flash Primary Weapon,M40 Fury-F,none
6005167,Flash Primary Weapon,M40 Fury-F,none
2657,Flash Primary Weapon,S12 Renegade,none
2658,Flash Primary Weapon,S12 Renegade,none
2659,Flash Primary Weapon,S12 Renegade,none
6005224,Flash Primary Weapon,S12 Renegade,none
6004752,Flash Primary Weapon,V30-F Starfall,none
5502,Galaxy Left Weapon,M20 Drake,none
5506,Galaxy Left Weapon,M20 Drake,none
5510,Galaxy Left Weapon,M20 Drake,none
6005473,Galaxy Left Weapon,M20 Drake,none
5514,Galaxy Left Weapon,M60-A Bulldog,none
5518,Galaxy Left Weapon,M60-A Bulldog,none
5522,Galaxy Left Weapon,M60-A Bulldog,none
6005485,Galaxy Left Weapon,M60-A Bulldog,none
6003398,Galaxy Left Weapon,Pelter Rocket Pod,none
6003405,Galaxy Left Weapon,Pelter Rocket Pod,none
6003410,Galaxy Left Weapon,Pelter Rocket Pod,none
6005487,Galaxy Left Weapon,Pelter Rocket Pod,none
5503,Galaxy Right Weapon,M20 Drake,none
5507,Galaxy Right Weapon,M20 Drake,none
5511,Galaxy Right Weapon,M20 Drake,none
6005474,Galaxy Right Weapon,M20 Drake,none
5515,Galaxy Right Weapon,M60-A Bulldog,none
5519,Galaxy Right Weapon,M60-A Bulldog,none
5523,Galaxy Right Weapon,M60-A Bulldog,none
6005486,Galaxy Right Weapon,M60-A Bulldog,none
6003294,Galaxy Right Weapon,Pelter Rocket Pod,none
6003295,Galaxy Right Weapon,Pelter Rocket Pod,none
6003296,Galaxy Right Weapon,Pelter Rocket Pod,none
6005488,Galaxy Right Weapon,Pelter Rocket Pod,none
5513,Galaxy Tail Weapon,A30 Walker,none
5517,Galaxy Tail Weapon,A30 Walker,none
5521,Galaxy Tail Weapon,A30 Walker,none
6005479,Galaxy Tail Weapon,A30 Walker,none
5501,Galaxy Tail Weapon,M20 Drake,none
5505,Galaxy Tail Weapon,M20 Drake,none
5509,Galaxy Tail Weapon,M20 Drake,none
6005475,Galaxy Tail Weapon,M20 Drake,none
5512,Galaxy Top Weapon,A30 Walker,none
5516,Galaxy Top Weapon,A30 Walker,none
5520,Galaxy Top Weapon,A30 Walker,none
6005480,Galaxy Top Weapon,A30 Walker,none
6003172,Galaxy Top Weapon,Hyena Missile Launcher,none
6003173,Galaxy Top Weapon,Hyena Missile Launcher,none
6003174,Galaxy Top Weapon,Hyena Missile Launcher,none
6005490,Galaxy Top Weapon,Hyena Missile Launcher,none
5500,Galaxy Top Weapon,M20 Drake,none
5504,Galaxy Top Weapon,M20 Drake,none
5508,Galaxy Top Weapon,M20 Drake,none
6005476,Galaxy Top Weapon,M20 Drake,none
1095,Grenade,Anti-Vehicle Grenade,none
1096,Grenade,Concussion Grenade,none
6009524,Grenade,Condensate Grenade,none
6050,Grenade,Decoy Grenade,none
50051,Grenade,EMP Grenade,none
6004750,Grenade,Flamewake Grenade,none
7755,Grenade,Flash Grenade,none
44505,Grenade,Frag Grenade,none
44605,Grenade,Frag Grenade,none
6005182,Grenade,Frag Grenade,none
6009583,Grenade,Infernal Grenade,none
6009459,Grenade,Lightning Grenade,none
883,Grenade,Nanite Healing Grenade,none
884,Grenade,Nanite Revive Grenade,none
6003738,Grenade,Nano-Repair Grenade,none
6003418,Grenade,NSX Fujin,none
6005472,Grenade,NSX Raijin,none
44705,Grenade,Plasma Grenade,none
6003847,Grenade,Pumpkin Grenade,none
6002453,Grenade,Quick-Det Flash Grenade,none
44506,Grenade,Smoke Grenade,none
6005304,Grenade,Smoke Grenade,none
880,Grenade,Sticky Grenade,none
881,Grenade,Sticky Grenade,none
882,Grenade,Sticky Grenade,none
6005328,Grenade,Sticky Grenade,none
6004742,Grenade,Water Balloon,none
6004743,Grenade,Water Balloon,none
6004744,Grenade,Water Balloon,none
6007252,Grenade,Water Balloon,none
802898,Harasser Top Gunner,Aphelion VEX-4H,gunner
6124,Harasser Top Gunner,C85 Canister-H,gunner
6118,Harasser Top Gunner,E540 Halberd-H,gunner
6119,Harasser Top Gunner,E540 Halberd-H,gunner
6120,Harasser Top Gunner,E540 Halberd-H,gunner
6005378,Harasser Top Gunner,E540 Halberd-H,gunner
6123,Harasser Top Gunner,Enforcer ML65-H,gunner
6121,Harasser Top Gunner,G20 Vulcan-H,gunner
6106,Harasser Top Gunner,G30 Walker,gunner
6107,Harasser Top Gunner,G30 Walker,gunner
6108,Harasser Top Gunner,G30 Walker,gunner
6005380,Harasser Top Gunner,G30 Walker,gunner
6109,Harasser Top Gunner,G40-F Ranger,gunner
6110,Harasser Top Gunner,G40-F Ranger,gunner
6111,Harasser Top Gunner,G40-F Ranger,gunner
6005381,Harasser Top Gunner,G40-F Ranger,gunner
6006397,Harasser Top Gunner,Halberd-H SE,gunner
6006401,Harasser Top Gunner,Halberd-H SE,gunner
6006402,Harasser Top Gunner,Halberd-H SE,gunner
6006403,Harasser Top Gunner,Halberd-H SE,gunner
6100,Harasser Top Gunner,M12 Kobalt-H,gunner
6101,Harasser Top Gunner,M12 Kobalt-H,gunner
6102,Harasser Top Gunner,M12 Kobalt-H,gunner
6005383,Harasser Top Gunner,M12 Kobalt-H,gunner
6103,Harasser Top Gunner,M20 Basilisk-H,gunner
6104,Harasser Top Gunner,M20 Basilisk-H,gunner
6105,Harasser Top Gunner,M20 Basilisk-H,gunner
6005379,Harasser Top Gunner,M20 Basilisk-H,gunner
6115,Harasser Top Gunner,M40 Fury-H,gunner
6116,Harasser Top Gunner,M40 Fury-H,gunner
6117,Harasser Top Gunner,M40 Fury-H,gunner
6005382,Harasser Top Gunner,M40 Fury-H,gunner
6112,Harasser Top Gunner,M60-G Bulldog-H,gunner
6113,Harasser Top Gunner,M60-G Bulldog-H,gunner
6114,Harasser Top Gunner,M60-G Bulldog-H,gunner
6005384,Harasser Top Gunner,M60-G Bulldog-H,gunner
802900,Harasser Top Gunner,M96 Mjolnir-H,gunner
802875,Harasser Top Gunner,MR11 Gatekeeper-H,gunner
6122,Harasser Top Gunner,P525 Marauder-H,gunner
6125,Harasser Top Gunner,Proton II PPA-H,gunner
6126,Harasser Top Gunner,Saron HRB-H,gunner
6008686,Heavy Weapon,Grenade Printer,max
7540,Heavy Weapon,Lasher X2,none
803732,Heavy Weapon,Lasher X2 AE,none
6004144,Heavy Weapon,Lasher X2-P,none
7528,Heavy Weapon,NC05 Jackhammer,none
803756,Heavy Weapon,NC05 Jackhammer AE,none
6004174,Heavy Weapon,NC05-P Jackhammer,none
6006332,Heavy Weapon,NS-03 Thumper,none
6009426,Heavy Weapon,NS-03 Thumper SE,none
7533,Heavy Weapon,T7 Mini-Chaingun,none
803779,Heavy Weapon,T7 Mini-Chaingun AE,none
6004168,Heavy Weapon,T7-P Mini-Chaingun,none
6005967,Hybrid Rifle,NSX-A Kuwa,infantry
804846,Infantry Abilities,Cert Fountain,
6009460,Infantry Abilities,Metal Detector,
6004560,Infantry Abilities,Meteorite,
6005102,Infantry Abilities,Pumpking Slayer,
310,Infantry Abilities,Stealth Test,
200,Infantry Abilities,Anti-Infantry MANA Turret,infantry
201,Infantry Abilities,Anti-Infantry MANA Turret,infantry
202,Infantry Abilities,Anti-Infantry MANA Turret,infantry
6005223,Infantry Abilities,Anti-Infantry MANA Turret,infantry
803031,Infantry Abilities,AA SpitFire Turret,none
803032,Infantry Abilities,AA SpitFire Turret,none
803033,Infantry Abilities,AA SpitFire Turret,none
803034,Infantry Abilities,AA SpitFire Turret,none
803035,Infantry Abilities,AA SpitFire Turret,none
803036,Infantry Abilities,AA SpitFire Turret,none
6002561,Infantry Abilities,ADMIN: Orbital Strike Gun,none
803785,Infantry Abilities,AE Medical Applicator 1,none
803786,Infantry Abilities,AE Medical Applicator 1,none
803787,Infantry Abilities,AE Medical Applicator 1,none
6006606,Infantry Abilities,AE Medical Applicator 1,none
803788,Infantry Abilities,AE Medical Applicator 2,none
803793,Infantry Abilities,AE Medical Applicator 2,none
803798,Infantry Abilities,AE Medical Applicator 2,none
6006607,Infantry Abilities,AE Medical Applicator 2,none
803789,Infantry Abilities,AE Medical Applicator 3,none
803794,Infantry Abilities,AE Medical Applicator 3,none
803799,Infantry Abilities,AE Medical Applicator 3,none
6006608,Infantry Abilities,AE Medical Applicator 3,none
803790,Infantry Abilities,AE Medical Applicator 4,none
803795,Infantry Abilities,AE Medical Applicator 4,none
803800,Infantry Abilities,AE Medical Applicator 4,none
6006609,Infantry Abilities,AE Medical Applicator 4,none
803791,Infantry Abilities,AE Medical Applicator 5,none
803796,Infantry Abilities,AE Medical Applicator 5,none
803801,Infantry Abilities,AE Medical Applicator 5,none
6006610,Infantry Abilities,AE Medical Applicator 5,none
803792,Infantry Abilities,AE Medical Applicator 6,none
803797,Infantry Abilities,AE Medical Applicator 6,none
803802,Infantry Abilities,AE Medical Applicator 6,none
6006611,Infantry Abilities,AE Medical Applicator 6,none
803804,Infantry Abilities,AE Nano-Armor Kit 1,none
803809,Infantry Abilities,AE Nano-Armor Kit 1,none
803815,Infantry Abilities,AE Nano-Armor Kit 1,none
6006682,Infantry Abilities,AE Nano-Armor Kit 1,none
803803,Infantry Abilities,AE Nano-Armor Kit 2,none
803810,Infantry Abilities,AE Nano-Armor Kit 2,none
803816,Infantry Abilities,AE Nano-Armor Kit 2,none
6006683,Infantry Abilities,AE Nano-Armor Kit 2,none
803805,Infantry Abilities,AE Nano-Armor Kit 3,none
803811,Infantry Abilities,AE Nano-Armor Kit 3,none
803817,Infantry Abilities,AE Nano-Armor Kit 3,none
6006684,Infantry Abilities,AE Nano-Armor Kit 3,none
803807,Infantry Abilities,AE Nano-Armor Kit 4,none
803812,Infantry Abilities,AE Nano-Armor Kit 4,none
803818,Infantry Abilities,AE Nano-Armor Kit 4,none
6006685,Infantry Abilities,AE Nano-Armor Kit 4,none
803808,Infantry Abilities,AE Nano-Armor Kit 5,none
803813,Infantry Abilities,AE Nano-Armor Kit 5,none
803819,Infantry Abilities,AE Nano-Armor Kit 5,none
6006700,Infantry Abilities,AE Nano-Armor Kit 5,none
803806,Infantry Abilities,AE Nano-Armor Kit 6,none
803814,Infantry Abilities,AE Nano-Armor Kit 6,none
803820,Infantry Abilities,AE Nano-Armor Kit 6,none
6006701,Infantry Abilities,AE Nano-Armor Kit 6,none
6002366,Infantry Abilities,Alarm Module,none
6002367,Infantry Abilities,Alarm Module,none
6002368,Infantry Abilities,Alarm Module,none
6005628,Infantry Abilities,Alarm Module,none
153,Infantry Abilities,Ammunition Package 1,none
376,Infantry Abilities,Ammunition Package 1,none
377,Infantry Abilities,Ammunition Package 1,none
6005225,Infantry Abilities,Ammunition Package 1,none
1264,Infantry Abilities,Ammunition Package 2,none
1269,Infantry Abilities,Ammunition Package 2,none
1274,Infantry Abilities,Ammunition Package 2,none
6005226,Infantry Abilities,Ammunition Package 2,none
1265,Infantry Abilities,Ammunition Package 3,none
1270,Infantry Abilities,Ammunition Package 3,none
1275,Infantry Abilities,Ammunition Package 3,none
6005227,Infantry Abilities,Ammunition Package 3,none
1266,Infantry Abilities,Ammunition Package 4,none
1271,Infantry Abilities,Ammunition Package 4,none
1276,Infantry Abilities,Ammunition Package 4,none
6005228,Infantry Abilities,Ammunition Package 4,none
1267,Infantry Abilities,Ammunition Package 5,none
1272,Infantry Abilities,Ammunition Package 5,none
1277,Infantry Abilities,Ammunition Package 5,none
6005229,Infantry Abilities,Ammunition Package 5,none
1268,Infantry Abilities,Ammunition Package 6,none
1273,Infantry Abilities,Ammunition Package 6,none
1278,Infantry Abilities,Ammunition Package 6,none
6005230,Infantry Abilities,Ammunition Package 6,none
71563,Infantry Abilities,Anti-Vehicle MANA Turret,none
71564,Infantry Abilities,Anti-Vehicle MANA Turret,none
71565,Infantry Abilities,Anti-Vehicle MANA Turret,none
6005424,Infantry Abilities,Anti-Vehicle MANA Turret,none
6009044,Infantry Abilities,Armory War Asset Orbital Strike,none
803025,Infantry Abilities,AV SpitFire Turret,none
803026,Infantry Abilities,AV SpitFire Turret,none
803027,Infantry Abilities,AV SpitFire Turret,none
803028,Infantry Abilities,AV SpitFire Turret,none
803029,Infantry Abilities,AV SpitFire Turret,none
803030,Infantry Abilities,AV SpitFire Turret,none
6004611,Infantry Abilities,Bending Beacon,none
6006353,Infantry Abilities,Bending Beacon,none
804980,Infantry Abilities,Blast Wall,none
804981,Infantry Abilities,Blast Wall,none
804982,Infantry Abilities,Blast Wall,none
6005634,Infantry Abilities,Blast Wall,none
803614,Infantry Abilities,Bunker,none
803615,Infantry Abilities,Bunker,none
803616,Infantry Abilities,Bunker,none
6005701,Infantry Abilities,Bunker,none
6009090,Infantry Abilities,Caltrop,none
6009069,Infantry Abilities,Cortium Bomb,none
804702,Infantry Abilities,Cortium Silo,none
804703,Infantry Abilities,Cortium Silo,none
804704,Infantry Abilities,Cortium Silo,none
6005657,Infantry Abilities,Cortium Silo,none
6003075,Infantry Abilities,Cortium Tap,none
803469,Infantry Abilities,Deconstruction Tool,none
6009753,Infantry Abilities,Elysium Refinery,none
6002466,Infantry Abilities,Elysium Spawn Tube,none
6002467,Infantry Abilities,Elysium Spawn Tube,none
6002468,Infantry Abilities,Elysium Spawn Tube,none
6005659,Infantry Abilities,Elysium Spawn Tube,none
804954,Infantry Abilities,Faction Banner,none
804955,Infantry Abilities,Faction Banner,none
804956,Infantry Abilities,Faction Banner,none
6005640,Infantry Abilities,Faction Banner,none
6004292,Infantry Abilities,Flail Targeting Dart,none
6009000,Infantry Abilities,Flash XS-1,none
6009009,Infantry Abilities,Flash XS-1,none
6002390,Infantry Abilities,Glaive IPC,none
6002391,Infantry Abilities,Glaive IPC,none
6002392,Infantry Abilities,Glaive IPC,none
6005636,Infantry Abilities,Glaive IPC,none
6002954,Infantry Abilities,Hardlight Barrier,none
6002955,Infantry Abilities,Hardlight Barrier,none
6002956,Infantry Abilities,Hardlight Barrier,none
6005515,Infantry Abilities,Hardlight Barrier,none
6009064,Infantry Abilities,Hardlight Canopy,none
803617,Infantry Abilities,HIVE,none
803618,Infantry Abilities,HIVE,none
803619,Infantry Abilities,HIVE,none
803588,Infantry Abilities,Hoplon Anti-Aircraft Phalanx Tower,none
803589,Infantry Abilities,Hoplon Anti-Aircraft Phalanx Tower,none
803590,Infantry Abilities,Hoplon Anti-Aircraft Phalanx Tower,none
6005622,Infantry Abilities,Hoplon Anti-Aircraft Phalanx Tower,none
6002348,Infantry Abilities,Infantry Tower,none
6002349,Infantry Abilities,Infantry Tower,none
6002350,Infantry Abilities,Infantry Tower,none
6005644,Infantry Abilities,Infantry Tower,none
6009093,Infantry Abilities,Infradine,none
6002553,Infantry Abilities,IPC Targeting Dart,none
6009047,Infantry Abilities,Javelin XS-1,none
6002496,Infantry Abilities,Light Air Terminal,none
6002497,Infantry Abilities,Light Air Terminal,none
6002498,Infantry Abilities,Light Air Terminal,none
6005626,Infantry Abilities,Light Air Terminal,none
6002472,Infantry Abilities,Light Vehicle Terminal,none
6002473,Infantry Abilities,Light Vehicle Terminal,none
6002474,Infantry Abilities,Light Vehicle Terminal,none
6005663,Infantry Abilities,Light Vehicle Terminal,none
6009467,Infantry Abilities,Lightning Arrester,none
6002360,Infantry Abilities,Lumifiber Rampart Wall,none
6002361,Infantry Abilities,Lumifiber Rampart Wall,none
6002362,Infantry Abilities,Lumifiber Rampart Wall,none
6005646,Infantry Abilities,Lumifiber Rampart Wall,none
500,Infantry Abilities,MANA Anti-Vehicle Turret,none
501,Infantry Abilities,MANA Anti-Vehicle Turret,none
502,Infantry Abilities,MANA Anti-Vehicle Turret,none
6005425,Infantry Abilities,MANA Anti-Vehicle Turret,none
93,Infantry Abilities,Medical Applicator 1,none
94,Infantry Abilities,Medical Applicator 1,none
95,Infantry Abilities,Medical Applicator 1,none
6005372,Infantry Abilities,Medical Applicator 1,none
1608,Infantry Abilities,Medical Applicator 2,none
1617,Infantry Abilities,Medical Applicator 2,none
1626,Infantry Abilities,Medical Applicator 2,none
6005373,Infantry Abilities,Medical Applicator 2,none
1609,Infantry Abilities,Medical Applicator 3,none
1618,Infantry Abilities,Medical Applicator 3,none
1627,Infantry Abilities,Medical Applicator 3,none
6005374,Infantry Abilities,Medical Applicator 3,none
1610,Infantry Abilities,Medical Applicator 4,none
1619,Infantry Abilities,Medical Applicator 4,none
1628,Infantry Abilities,Medical Applicator 4,none
6005375,Infantry Abilities,Medical Applicator 4,none
1611,Infantry Abilities,Medical Applicator 5,none
1620,Infantry Abilities,Medical Applicator 5,none
1629,Infantry Abilities,Medical Applicator 5,none
6005376,Infantry Abilities,Medical Applicator 5,none
1612,Infantry Abilities,Medical Applicator 6,none
1621,Infantry Abilities,Medical Applicator 6,none
1630,Infantry Abilities,Medical Applicator 6,none
6005377,Infantry Abilities,Medical Applicator 6,none
99,Infantry Abilities,Medical Kit,none
100,Infantry Abilities,Medical Kit,none
101,Infantry Abilities,Medical Kit,none
6005263,Infantry Abilities,Medical Kit,none
75285,Infantry Abilities,Motion Spotter 1,none
75286,Infantry Abilities,Motion Spotter 2,none
75287,Infantry Abilities,Motion Spotter 3,none
75288,Infantry Abilities,Motion Spotter 4,none
75289,Infantry Abilities,Motion Spotter 5,none
124,Infantry Abilities,Nano-Armor Kit 1,none
125,Infantry Abilities,Nano-Armor Kit 1,none
126,Infantry Abilities,Nano-Armor Kit 1,none
6005217,Infantry Abilities,Nano-Armor Kit 1,none
1252,Infantry Abilities,Nano-Armor Kit 2,none
1256,Infantry Abilities,Nano-Armor Kit 2,none
1260,Infantry Abilities,Nano-Armor Kit 2,none
6005218,Infantry Abilities,Nano-Armor Kit 2,none
1253,Infantry Abilities,Nano-Armor Kit 3,none
1257,Infantry Abilities,Nano-Armor Kit 3,none
1261,Infantry Abilities,Nano-Armor Kit 3,none
6005219,Infantry Abilities,Nano-Armor Kit 3,none
1254,Infantry Abilities,Nano-Armor Kit 4,none
1258,Infantry Abilities,Nano-Armor Kit 4,none
1262,Infantry Abilities,Nano-Armor Kit 4,none
6005220,Infantry Abilities,Nano-Armor Kit 4,none
1255,Infantry Abilities,Nano-Armor Kit 5,none
1259,Infantry Abilities,Nano-Armor Kit 5,none
1263,Infantry Abilities,Nano-Armor Kit 5,none
6005221,Infantry Abilities,Nano-Armor Kit 5,none
6010,Infantry Abilities,Nano-Armor Kit 6,none
6011,Infantry Abilities,Nano-Armor Kit 6,none
6012,Infantry Abilities,Nano-Armor Kit 6,none
6005222,Infantry Abilities,Nano-Armor Kit 6,none
6009605,Infantry Abilities,NE-11 PML,none
6009487,Infantry Abilities,Neutralizer Device,none
6002554,Infantry Abilities,Orbital Strike Target Designator,none
6002524,Infantry Abilities,Orbital Strike Uplink,none
6002525,Infantry Abilities,Orbital Strike Uplink,none
6002526,Infantry Abilities,Orbital Strike Uplink,none
6005648,Infantry Abilities,Orbital Strike Uplink,none
6009058,Infantry Abilities,Ordnance Dampener,none
6004284,Infantry Abilities,Pain Spire,none
6004421,Infantry Abilities,Pain Spire,none
6004423,Infantry Abilities,Pain Spire,none
6005706,Infantry Abilities,Pain Spire,none
6002478,Infantry Abilities,Pillbox,none
6002479,Infantry Abilities,Pillbox,none
6002480,Infantry Abilities,Pillbox,none
6005652,Infantry Abilities,Pillbox,none
803605,Infantry Abilities,Rampart Wall,none
803606,Infantry Abilities,Rampart Wall,none
803607,Infantry Abilities,Rampart Wall,none
6005698,Infantry Abilities,Rampart Wall,none
804870,Infantry Abilities,RD-GG Recon Device,none
804871,Infantry Abilities,RD-GG Recon Device,none
804872,Infantry Abilities,RD-GG Recon Device,none
804873,Infantry Abilities,RD-GG Recon Device 2,none
804874,Infantry Abilities,RD-GG Recon Device 2,none
804875,Infantry Abilities,RD-GG Recon Device 2,none
804876,Infantry Abilities,RD-GG Recon Device 3,none
804877,Infantry Abilities,RD-GG Recon Device 3,none
804878,Infantry Abilities,RD-GG Recon Device 3,none
804879,Infantry Abilities,RD-GG Recon Device 4,none
804880,Infantry Abilities,RD-GG Recon Device 4,none
804881,Infantry Abilities,RD-GG Recon Device 4,none
804882,Infantry Abilities,RD-GG Recon Device 5,none
804883,Infantry Abilities,RD-GG Recon Device 5,none
804884,Infantry Abilities,RD-GG Recon Device 5,none
804869,Infantry Abilities,RD-GG Recon Device 6,none
804885,Infantry Abilities,RD-GG Recon Device 6,none
804886,Infantry Abilities,RD-GG Recon Device 6,none
309,Infantry Abilities,Recon Detection Device 1,none
471,Infantry Abilities,Recon Detection Device 1,none
472,Infantry Abilities,Recon Detection Device 1,none
6005169,Infantry Abilities,Recon Detection Device 1,none
473,Infantry Abilities,Recon Detection Device 2,none
477,Infantry Abilities,Recon Detection Device 2,none
481,Infantry Abilities,Recon Detection Device 2,none
6005170,Infantry Abilities,Recon Detection Device 2,none
474,Infantry Abilities,Recon Detection Device 3,none
478,Infantry Abilities,Recon Detection Device 3,none
482,Infantry Abilities,Recon Detection Device 3,none
6005171,Infantry Abilities,Recon Detection Device 3,none
475,Infantry Abilities,Recon Detection Device 4,none
479,Infantry Abilities,Recon Detection Device 4,none
483,Infantry Abilities,Recon Detection Device 4,none
6005172,Infantry Abilities,Recon Detection Device 4,none
476,Infantry Abilities,Recon Detection Device 5,none
480,Infantry Abilities,Recon Detection Device 5,none
484,Infantry Abilities,Recon Detection Device 5,none
6005173,Infantry Abilities,Recon Detection Device 5,none
485,Infantry Abilities,Recon Detection Device 6,none
486,Infantry Abilities,Recon Detection Device 6,none
487,Infantry Abilities,Recon Detection Device 6,none
6005174,Infantry Abilities,Recon Detection Device 6,none
804974,Infantry Abilities,Reinforcements Module,none
804975,Infantry Abilities,Reinforcements Module,none
804976,Infantry Abilities,Reinforcements Module,none
6005654,Infantry Abilities,Reinforcements Module,none
804269,Infantry Abilities,Repair Module,none
804270,Infantry Abilities,Repair Module,none
804271,Infantry Abilities,Repair Module,none
6005666,Infantry Abilities,Repair Module,none
6004529,Infantry Abilities,Reserve Hardlight Barrier,none
6004530,Infantry Abilities,Reserve Hardlight Barrier,none
6004531,Infantry Abilities,Reserve Hardlight Barrier,none
6005329,Infantry Abilities,Reserve Hardlight Barrier,none
7609,Infantry Abilities,Restoration Kit,none
7610,Infantry Abilities,Restoration Kit,none
7611,Infantry Abilities,Restoration Kit,none
6005267,Infantry Abilities,Restoration Kit,none
6003551,Infantry Abilities,Router,none
6003552,Infantry Abilities,Router,none
6003553,Infantry Abilities,Router,none
6005655,Infantry Abilities,Router,none
6004286,Infantry Abilities,Routing Spire,none
6004425,Infantry Abilities,Routing Spire,none
6004427,Infantry Abilities,Routing Spire,none
6005703,Infantry Abilities,Routing Spire,none
6009723,Infantry Abilities,Shield Matrix Pylon,none
45,Infantry Abilities,Shield Recharging Field,none
46,Infantry Abilities,Shield Recharging Field,none
47,Infantry Abilities,Shield Recharging Field,none
154,Infantry Abilities,Shield Recharging Field,none
466,Infantry Abilities,Shield Recharging Field,none
6009856,Infantry Abilities,Signal Scanner,none
804263,Infantry Abilities,Skywall Shield Emitter,none
804264,Infantry Abilities,Skywall Shield Emitter,none
804265,Infantry Abilities,Skywall Shield Emitter,none
6005672,Infantry Abilities,Skywall Shield Emitter,none
6004873,Infantry Abilities,Solid Wall,none
7,Infantry Abilities,Spawn Beacon,none
803427,Infantry Abilities,Spear Anti-Vehicle Tower,none
803428,Infantry Abilities,Spear Anti-Vehicle Tower,none
803429,Infantry Abilities,Spear Anti-Vehicle Tower,none
6005638,Infantry Abilities,Spear Anti-Vehicle Tower,none
6002399,Infantry Abilities,Spear Anti-Vehicle Turret,none
6002405,Infantry Abilities,Spear Anti-Vehicle Turret,none
6002419,Infantry Abilities,Spear Anti-Vehicle Turret,none
6005650,Infantry Abilities,Spear Anti-Vehicle Turret,none
802512,Infantry Abilities,Spitfire Auto-Turret,none
802514,Infantry Abilities,Spitfire Auto-Turret,none
802515,Infantry Abilities,Spitfire Auto-Turret,none
802516,Infantry Abilities,Spitfire Auto-Turret,none
802517,Infantry Abilities,Spitfire Auto-Turret,none
802518,Infantry Abilities,Spitfire Auto-Turret,none
6005426,Infantry Abilities,Spitfire Auto-Turret,none
6005427,Infantry Abilities,Spitfire Auto-Turret,none
6009294,Infantry Abilities,Spitfire Auto-Turret,none
6009572,Infantry Abilities,Stormglider Drone,none
804266,Infantry Abilities,Structure Shield Module,none
804267,Infantry Abilities,Structure Shield Module,none
804268,Infantry Abilities,Structure Shield Module,none
6005669,Infantry Abilities,Structure Shield Module,none
803611,Infantry Abilities,Sunderer Garage,none
803612,Infantry Abilities,Sunderer Garage,none
803613,Infantry Abilities,Sunderer Garage,none
6005700,Infantry Abilities,Sunderer Garage,none
6004201,Infantry Abilities,Tactical Snowman,none
6004288,Infantry Abilities,The Flail,none
6004446,Infantry Abilities,The Flail,none
6004448,Infantry Abilities,The Flail,none
6005632,Infantry Abilities,The Flail,none
804272,Infantry Abilities,Turret AI Module,none
804273,Infantry Abilities,Turret AI Module,none
804274,Infantry Abilities,Turret AI Module,none
6005668,Infantry Abilities,Turret AI Module,none
6002484,Infantry Abilities,Vehicle Ammo Dispenser,none
6002485,Infantry Abilities,Vehicle Ammo Dispenser,none
6002486,Infantry Abilities,Vehicle Ammo Dispenser,none
6005630,Infantry Abilities,Vehicle Ammo Dispenser,none
6002490,Infantry Abilities,Vehicle Gate,none
6002491,Infantry Abilities,Vehicle Gate,none
6002492,Infantry Abilities,Vehicle Gate,none
6005642,Infantry Abilities,Vehicle Gate,none
6002354,Infantry Abilities,Vehicle Ramp,none
6002355,Infantry Abilities,Vehicle Ramp,none
6002356,Infantry Abilities,Vehicle Ramp,none
6005661,Infantry Abilities,Vehicle Ramp,none
803470,Infantry Abilities,Welding Device,none
6004272,Infantry Abilities,Welding Device,none
803591,Infantry Abilities,Xiphos Anti-Personnel Tower,none
803592,Infantry Abilities,Xiphos Anti-Personnel Tower,none
803593,Infantry Abilities,Xiphos Anti-Personnel Tower,none
6005624,Infantry Abilities,Xiphos Anti-Personnel Tower,none
554,Infantry Weapons,MANA Anti-Personnel Turret,none
555,Infantry Weapons,MANA Anti-Personnel Turret,none
556,Infantry Weapons,MANA Anti-Personnel Turret,none
557,Infantry Weapons,MANA Anti-Personnel Turret,none
6005423,Infantry Weapons,MANA Anti-Personnel Turret,none
503,Infantry Weapons,MANA Anti-Vehicle Turret,none
6008651,Knife,Ancient Psykinetic Blade,none
800625,Knife,Auraxium Chainblade,none
800626,Knife,Auraxium Force-Blade,none
800624,Knife,Auraxium Mag-Cutter,none
802025,Knife,Auraxium Slasher,none
271,Knife,Carver,none
6005453,Knife,Carver AE,none
13,Knife,Chainblade,none
802317,Knife,Damascus Edge,none
6008687,Knife,Defector Claws,none
6009854,Knife,Excursion Kukri,none
6006080,Knife,Fatestealer,none
19,Knife,Force-Blade,none
802316,Knife,Hardlight Dagger,none
802315,Knife,Hexedge,none
802584,Knife,Icikill,none
286,Knife,Lumine Edge,none
6005451,Knife,Lumine Edge AE,none
1,Knife,Mag-Cutter,none
1082,Knife,MAX Punch,none
1083,Knife,MAX Punch,none
1084,Knife,MAX Punch,none
6006081,Knife,Nightshade,none
800627,Knife,NS AutoBlade,none
802903,Knife,NS Campion,none
6006146,Knife,NS Campion,none
6006147,Knife,NS Campion,none
6004825,Knife,NS Commando,none
6009600,Knife,NS Firebug,none
802902,Knife,NS Harrower,none
6009463,Knife,NS Icebreaker,none
6009515,Knife,NS Icebreaker,none
6009516,Knife,NS Icebreaker,none
6009517,Knife,NS Icebreaker,none
6009518,Knife,NS Icebreaker,none
802904,Knife,NS Victory,none
6006067,Knife,NS-A Commando,none
6005664,Knife,NS-G Commando,none
804113,Knife,"NS-TMC-01 ""His Regards""",none
6005743,Knife,NS-W Survivor,none
804795,Knife,NSX Amaterasu,none
285,Knife,Ripper,none
6005452,Knife,Ripper AE,none
801969,Knife,The Slasher,none
5209,Liberator Belly Weapon,AP30 Shredder,gunner
5210,Liberator Belly Weapon,AP30 Shredder,gunner
5211,Liberator Belly Weapon,AP30 Shredder,gunner
6005463,Liberator Belly Weapon,AP30 Shredder,gunner
5224,Liberator Belly Weapon,C150 Dalton,gunner
5225,Liberator Belly Weapon,C150 Dalton,gunner
5226,Liberator Belly Weapon,C150 Dalton,gunner
6005464,Liberator Belly Weapon,C150 Dalton,gunner
5227,Liberator Belly Weapon,L105 Zephyr,gunner
5228,Liberator Belly Weapon,L105 Zephyr,gunner
5229,Liberator Belly Weapon,L105 Zephyr,gunner
6005466,Liberator Belly Weapon,L105 Zephyr,gunner
5250,Liberator Belly Weapon,L105 Zephyr PX,gunner
5251,Liberator Belly Weapon,L105 Zephyr PX,gunner
5252,Liberator Belly Weapon,L105 Zephyr PX,gunner
5441,Liberator Belly Weapon,Dual-75 Duster,none
5442,Liberator Belly Weapon,Dual-75 Duster,none
5443,Liberator Belly Weapon,Dual-75 Duster,none
6005462,Liberator Belly Weapon,Dual-75 Duster,none
5215,Liberator Nose Cannon,CAS30 Tank Buster,air
5216,Liberator Nose Cannon,CAS30 Tank Buster,air
5217,Liberator Nose Cannon,CAS30 Tank Buster,air
6005461,Liberator Nose Cannon,CAS30 Tank Buster,air
5206,Liberator Nose Cannon,L-30R Vektor,air
5207,Liberator Nose Cannon,L-30R Vektor,air
5208,Liberator Nose Cannon,L-30R Vektor,air
6005454,Liberator Nose Cannon,L-30R Vektor,air
5218,Liberator Nose Cannon,L-24R Spur,none
5219,Liberator Nose Cannon,L-24R Spur,none
5220,Liberator Nose Cannon,L-24R Spur,none
6005455,Liberator Nose Cannon,L-24R Spur,none
5212,Liberator Tail Weapon,A30 Walker,gunner
5213,Liberator Tail Weapon,A30 Walker,gunner
5214,Liberator Tail Weapon,A30 Walker,gunner
6005459,Liberator Tail Weapon,A30 Walker,gunner
5200,Liberator Tail Weapon,M20 Drake,gunner
5202,Liberator Tail Weapon,M20 Drake,gunner
5204,Liberator Tail Weapon,M20 Drake,gunner
6005457,Liberator Tail Weapon,M20 Drake,gunner
5221,Liberator Tail Weapon,M60-A Bulldog,gunner
5222,Liberator Tail Weapon,M60-A Bulldog,gunner
5223,Liberator Tail Weapon,M60-A Bulldog,gunner
6005460,Liberator Tail Weapon,M60-A Bulldog,gunner
5494,Liberator Tail Weapon,Hyena Missile Launcher,none
5495,Liberator Tail Weapon,Hyena Missile Launcher,none
5496,Liberator Tail Weapon,Hyena Missile Launcher,none
6005456,Liberator Tail Weapon,Hyena Missile Launcher,none
6009461,Lightning Primary Weapon,L20 Anaconda,
6009490,Lightning Primary Weapon,L20 Anaconda,
6009491,Lightning Primary Weapon,L20 Anaconda,
6009492,Lightning Primary Weapon,L20 Anaconda,
3100,Lightning Primary Weapon,C75 Viper,armor
3101,Lightning Primary Weapon,C75 Viper,armor
3102,Lightning Primary Weapon,C75 Viper,armor
6005302,Lightning Primary Weapon,C75 Viper,armor
3103,Lightning Primary Weapon,L100 Python AP,armor
3104,Lightning Primary Weapon,L100 Python AP,armor
3105,Lightning Primary Weapon,L100 Python AP,armor
6005299,Lightning Primary Weapon,L100 Python AP,armor
3156,Lightning Primary Weapon,L100 Python HEAT,armor
3157,Lightning Primary Weapon,L100 Python HEAT,armor
3158,Lightning Primary Weapon,L100 Python HEAT,armor
6005300,Lightning Primary Weapon,L100 Python HEAT,armor
3153,Lightning Primary Weapon,L100 Python HESH,armor
3154,Lightning Primary Weapon,L100 Python HESH,armor
3155,Lightning Primary Weapon,L100 Python HESH,armor
6005301,Lightning Primary Weapon,L100 Python HESH,armor
6005068,Lightning Primary Weapon,LB00 Python AP,armor
6005069,Lightning Primary Weapon,LB00 Python AP,armor
6005070,Lightning Primary Weapon,LB00 Python AP,armor
6008684,Lightning Primary Weapon,LB00 Python AP,armor
3106,Lightning Primary Weapon,Skyguard,armor
3107,Lightning Primary Weapon,Skyguard,armor
3108,Lightning Primary Weapon,Skyguard,armor
6005303,Lightning Primary Weapon,Skyguard,armor
1894,LMG,Betelgeuse 54-A,infantry
7232,LMG,EM1,infantry
7235,LMG,EM6,infantry
7277,LMG,Flare VE6,infantry
7233,LMG,GD-22S,infantry
7236,LMG,LA1 Anchor,infantry
6006299,LMG,LA1 Service Anchor,infantry
6004120,LMG,MG-H1 Watchman,infantry
6005331,LMG,MG-H1 Watchman AE,infantry
6004218,LMG,MGR-L1 Promise,infantry
6005330,LMG,MGR-L1 Promise AE,infantry
7254,LMG,MSW-R,infantry
78,LMG,NC6 Gauss SAW,infantry
1879,LMG,NC6A GODSAW,infantry
7234,LMG,NC6S Gauss SAW S,infantry
6009672,LMG,"NS-15 ""Endeavor"" Machinegun",infantry
803699,LMG,NS-15 Gallows,infantry
802319,LMG,NS-15M AE,infantry
75034,LMG,NS-15M1,infantry
802106,LMG,NS-15M2,infantry
802105,LMG,NS-15MB,infantry
802104,LMG,NS-15MG,infantry
316,LMG,NS-15MP,infantry
6008644,LMG,"NSX ""Ivory"" Naginata",infantry
6008668,LMG,"NSX ""Networked"" Naginata",infantry
804249,LMG,NSX Naginata,infantry
6004197,LMG,NSX-P Naginata,infantry
80,LMG,Orion VS54,infantry
7275,LMG,Pulsar LSW,infantry
7276,LMG,SVA-88,infantry
802738,LMG,SVA-GG,infantry
7255,LMG,T16 Rhino,infantry
7257,LMG,T32 Bull,infantry
79,LMG,T9 CARV,infantry
7253,LMG,T9 CARV-S,infantry
1924,LMG,"T9A ""Butcher""",infantry
7256,LMG,TMG-50,infantry
7278,LMG,Ursa,infantry
6004118,LMG,VE-H Maw,infantry
6005332,LMG,VE-H Maw AE,infantry
7274,LMG,VX29 Polaris,infantry
802897,Magrider Gunner Weapon,Aphelion VEX-4,gunner
3441,Magrider Gunner Weapon,E540 Halberd,gunner
3403,Magrider Gunner Weapon,G30 Walker,gunner
3406,Magrider Gunner Weapon,G40-F Ranger,gunner
6006400,Magrider Gunner Weapon,Halberd SE,gunner
3401,Magrider Gunner Weapon,M12 Kobalt,gunner
3402,Magrider Gunner Weapon,M20 Basilisk,gunner
3404,Magrider Gunner Weapon,Proton II PPA,gunner
3442,Magrider Gunner Weapon,Saron HRB,gunner
3460,Magrider Primary Weapon,Supernova FPC,armor
3400,Magrider Primary Weapon,Supernova PC,armor
3461,Magrider Primary Weapon,Supernova VPC,armor
3427,Magrider Primary Weapon,Supernova-R PC,armor
4906,Mosquito Nose Cannon,M14 Banshee,air
5050,Mosquito Nose Cannon,M18 Locust,air
4900,Mosquito Nose Cannon,M18 Needler,air
4911,Mosquito Nose Cannon,M18 Rotary,air
6009025,Mosquito Nose Cannon,M18-2 Pincer,air
4903,Mosquito Wing Mount,Hellfire Rocket Pods,air
6006063,Mosquito Wing Mount,M202 Wyrm,air
5052,Mosquito Wing Mount,Coyote Missiles,none
6009464,Mosquito Wing Mount,Havoc Missiles,none
5051,Mosquito Wing Mount,Hornet Missiles,none
4905,Mosquito Wing Mount,Tomcat A2AM Pods,none
6009902,Pistol,UNKNOWN Pistol #6009902,
6009903,Pistol,UNKNOWN Pistol #6009903,
6009904,Pistol,UNKNOWN Pistol #6009904,
6006090,Pistol,"""Jackpot"" Cerberus",infantry
21,Pistol,Beamer VS3,infantry
7403,Pistol,Beamer VS3-FB,infantry
7413,Pistol,Cerberus,infantry
6006092,Pistol,"LA3 ""Jackpot"" Desperado",infantry
7389,Pistol,LA3 Desperado,infantry
7388,Pistol,LA8 Rebel,infantry
7412,Pistol,Manticore SX40,infantry
2,Pistol,NC4 Mag-Shot,infantry
7379,Pistol,NC4-FB Mag-Shot,infantry
6009652,Pistol,"NS-357 ""Endeavor"" Underboss",infantry
6003943,Pistol,NS-357 IA,infantry
75071,Pistol,NS-357 Underboss,infantry
75173,Pistol,NS-357B Underboss,infantry
75171,Pistol,NS-357G Underboss,infantry
75268,Pistol,NS-357P Underboss,infantry
75063,Pistol,NS-44 Commissioner,infantry
803824,Pistol,NS-44 Commissioner AE,infantry
803825,Pistol,NS-44 Commissioner AE,infantry
803826,Pistol,NS-44 Commissioner AE,infantry
75172,Pistol,NS-44B Commissioner,infantry
75170,Pistol,NS-44G Commissioner,infantry
6002661,Pistol,"NS-44L ""Ravenous"" Blackhand",infantry
802733,Pistol,NS-44L Blackhand,infantry
6003793,Pistol,NS-44L Showdown,infantry
802781,Pistol,NS-44LB Blackhand,infantry
802782,Pistol,NS-44LG Blackhand,infantry
804960,Pistol,NS-44LP Blackhand,infantry
2001,Pistol,NS-44P Commissioner,infantry
6003704,Pistol,"NS-45 ""Brass"" Pilot",infantry
6003665,Pistol,NS-45 Pilot,infantry
6009722,Pistol,NS-45P Pilot,infantry
6004413,Pistol,"NS-61 ""Ivory"" Emissary",infantry
6008666,Pistol,"NS-61 ""Networked"" Emissary",infantry
6002640,Pistol,"NS-61 ""Ravenous"" Emissary",infantry
804138,Pistol,NS-61 Emissary,infantry
804405,Pistol,NS-61B Emissary,infantry
804428,Pistol,NS-61G Emissary,infantry
6005969,Pistol,NSX-A Yawara,infantry
7414,Pistol,Spiker,infantry
7402,Pistol,T4 AMP,infantry
1889,Pistol,The Executive,infantry
1959,Pistol,The Immortal,infantry
1954,Pistol,The President,infantry
7401,Pistol,TS2 Inquisitor,infantry
15,Pistol,TX1 Repeater,infantry
7391,Pistol,TX1-FB Repeater,infantry
6006091,Pistol,"TX2 ""Jackpot"" Emperor",infantry
7400,Pistol,TX2 Emperor,infantry
6004995,Pistol,Ectoblaster,meme
75517,Pistol,NC Patriot Flare Gun,meme
803007,Pistol,NC Triumph Flare Gun,meme
801970,Pistol,NS CandyCannon 3000,meme
76358,Pistol,NS Deep Freeze,meme
75490,Pistol,NS Patriot Flare Gun,meme
6004714,Pistol,Soldier Soaker,meme
75519,Pistol,TR Patriot Flare Gun,meme
803008,Pistol,TR Triumph Flare Gun,meme
75521,Pistol,VS Patriot Flare Gun,meme
803009,Pistol,VS Triumph Flare Gun,meme
7390,Pistol,NC08 Mag-Scatter,none
4015,Prowler Gunner Weapon,E540 Halberd,gunner
4029,Prowler Gunner Weapon,G30 Vulcan,gunner
4003,Prowler Gunner Weapon,G30 Walker,gunner
4010,Prowler Gunner Weapon,G40-F Ranger,gunner
6006398,Prowler Gunner Weapon,Halberd SE,gunner
4001,Prowler Gunner Weapon,M12 Kobalt,gunner
4002,Prowler Gunner Weapon,M20 Basilisk,gunner
802874,Prowler Gunner Weapon,MR11 Gatekeeper,gunner
4007,Prowler Gunner Weapon,P525 Marauder,gunner
4008,Prowler Primary Weapon,P2-120 AP,armor
4000,Prowler Primary Weapon,P2-120 HEAT,armor
4009,Prowler Primary Weapon,P2-120 HESH,armor
4016,Prowler Primary Weapon,P2-120-R HEAT,armor
4745,Reaver Nose Cannon,M20 Kestrel,air
4600,Reaver Nose Cannon,M20 Mustang,air
6009029,Reaver Nose Cannon,M20-W Appaloosa,air
4605,Reaver Nose Cannon,M30 Mustang AH,air
4604,Reaver Nose Cannon,Vortek Rotary,air
4601,Reaver Wing Mount,Breaker Rocket Pods,air
6006065,Reaver Wing Mount,M202 Wyrm,air
4747,Reaver Wing Mount,Coyote Missiles,none
6009466,Reaver Wing Mount,Havoc Missiles,none
4746,Reaver Wing Mount,Hornet Missiles,none
4602,Reaver Wing Mount,Tomcat A2AM Pods,none
6009905,Rocket Launcher,UNKNOWN Rocket Launcher #6009905,
6009906,Rocket Launcher,UNKNOWN Rocket Launcher #6009906,
6009907,Rocket Launcher,UNKNOWN Rocket Launcher #6009907,
33003,Rocket Launcher,AF-22 Crow,none
34004,Rocket Launcher,ASP-30 Grounder,none
35003,Rocket Launcher,Hades VSH4,none
33004,Rocket Launcher,Hawk GD-68,none
268,Rocket Launcher,Lancer AE,none
35002,Rocket Launcher,Lancer VS22,none
34003,Rocket Launcher,M9 SKEP Launcher,none
85,Rocket Launcher,ML-7,none
33002,Rocket Launcher,NC15 Phoenix,none
35004,Rocket Launcher,Nemesis VSH9,none
6003611,Rocket Launcher,"NS ""Heatwave"" Decimator",none
6004407,Rocket Launcher,"NS ""Jackpot"" Decimator",none
50561,Rocket Launcher,NS Annihilator,none
802302,Rocket Launcher,NS Annihilator-B,none
802301,Rocket Launcher,NS Annihilator-G,none
50560,Rocket Launcher,NS Decimator,none
802300,Rocket Launcher,NS Decimator-B,none
802299,Rocket Launcher,NS Decimator-G,none
6010049,Rocket Launcher,NS Scorpion,none
6002637,Rocket Launcher,"NS-R3 ""Ravenous"" Swarm",none
802969,Rocket Launcher,NS-R3 Swarm,none
804179,Rocket Launcher,NSX Masamune,none
6005966,Rocket Launcher,NSX-A Muramasa,none
266,Rocket Launcher,Phoenix AE,none
86,Rocket Launcher,S1,none
84,Rocket Launcher,Shrike,none
267,Rocket Launcher,Striker AE,none
34002,Rocket Launcher,T2 Striker,none
1964,Rocket Launcher,The Kraken,none
6004198,Scout Rifle,Mystery Weapon,
6009973,Scout Rifle,"AF-18 ""Hazmat"" Stalker",infantry
7358,Scout Rifle,AF-18 Stalker,infantry
6004008,Scout Rifle,AF-18 Stalker AE,infantry
24007,Scout Rifle,AF-6 Shadow,infantry
6009972,Scout Rifle,"Artemis ""Hazmat"" VX26",infantry
7372,Scout Rifle,Artemis VX26,infantry
6004010,Scout Rifle,Artemis VX26 AE,infantry
25007,Scout Rifle,HSR-1,infantry
2311,Scout Rifle,NS-30 Vandal,infantry
2312,Scout Rifle,NS-30B Vandal,infantry
2313,Scout Rifle,NS-30G Vandal,infantry
6009974,Scout Rifle,"NSX ""Hazmat"" Tomoe",infantry
6008654,Scout Rifle,"NSX ""Ivory"" Tomoe",infantry
6008669,Scout Rifle,"NSX ""Networked"" Tomoe",infantry
804252,Scout Rifle,NSX Tomoe,infantry
26007,Scout Rifle,Nyx VX31,infantry
7365,Scout Rifle,SOAS-20,infantry
6009971,Scout Rifle,"SOAS-20 ""Hazmat""",infantry
6004009,Scout Rifle,SOAS-20 AE,infantry
4445,Scythe Nose Cannon,Antares LC,air
4305,Scythe Nose Cannon,Light PPA,air
4302,Scythe Nose Cannon,Saron Laser Cannon,air
6009030,Scythe Nose Cannon,Twin-Saron LC,air
4304,Scythe Nose Cannon,V26 Maelstrom Turbo Laser,air
4301,Scythe Wing Mount,Dual Photon Pods,air
6006064,Scythe Wing Mount,M202 Wyrm,air
4447,Scythe Wing Mount,Coyote Missiles,none
6009465,Scythe Wing Mount,Havoc Missiles,none
4446,Scythe Wing Mount,Hornet Missiles,none
4300,Scythe Wing Mount,Photon A2A Missile Pods,none
6009908,Shotgun,UNKNOWN Shotgun #6009908,
6009909,Shotgun,UNKNOWN Shotgun #6009909,
6009910,Shotgun,UNKNOWN Shotgun #6009910,
6009866,Shotgun,"NS ""Lucky"" Baron G5",none
75083,Shotgun,NS Baron G5,none
802322,Shotgun,NS Baron G5AE,none
1097,Shotgun,NS Baron G5B,none
1849,Shotgun,NS Baron G5G,none
6005713,Shotgun,The Little Helper,none
40000,Shotgun,AF-57 Piston,shotgun
30,Shotgun,AS16 NightHawk,shotgun
1939,Shotgun,Chaos,shotgun
41002,Shotgun,Deimos VA29,shotgun
39000,Shotgun,FA1 Barrage,shotgun
40001,Shotgun,GD-66 Claw,shotgun
1934,Shotgun,Havoc,shotgun
40002,Shotgun,LA39 Bruiser,shotgun
128,Shotgun,Mauler S6,shotgun
7423,Shotgun,NC12 Sweeper,shotgun
129,Shotgun,Nova,shotgun
41000,Shotgun,Pandora VX25,shotgun
41001,Shotgun,Phobos VX86,shotgun
39002,Shotgun,TAS-16 Blackjack,shotgun
7441,Shotgun,Thanatos VE70,shotgun
1884,Shotgun,The Brawler,shotgun
39001,Shotgun,TRS-12 Uppercut,shotgun
7432,Shotgun,TS4 Haymaker,shotgun
27000,SMG,AF-4 Cyclone,infantry
6002824,SMG,AF-4AE Cyclone,infantry
27005,SMG,AF-4G Cyclone,infantry
27001,SMG,Blitz GD-10,infantry
29000,SMG,Eridani SX5,infantry
6002772,SMG,Eridani SX5-AE,infantry
29005,SMG,Eridani SX5G,infantry
6003879,SMG,MG-S1 Jackal,infantry
6003850,SMG,MGR-S1 Gladius,infantry
2314,SMG,MKV Suppressed,infantry
2315,SMG,MKV-B Suppressed,infantry
2316,SMG,MKV-G Suppressed,infantry
6003059,SMG,MKV-P Suppressed,infantry
6009203,SMG,NS-66 Punisher,infantry
6010117,SMG,NS-66 Punisher SE,infantry
6009623,SMG,"NS-7 ""Endeavor"" PDW",infantry
7494,SMG,NS-7 PDW,infantry
7495,SMG,NS-7B PDW,infantry
7496,SMG,NS-7G PDW,infantry
6008660,SMG,"NSX ""Ivory"" Tengu",infantry
6008671,SMG,"NSX ""Networked"" Tengu",infantry
804257,SMG,NSX Tengu,infantry
6005968,SMG,NSX-A Kappa,infantry
6006239,SMG,NSX-P Tengu,infantry
28001,SMG,PDW-16 Hailstorm,infantry
6004570,SMG,PS1-AV Suppressor,infantry
1944,SMG,Shuriken,infantry
29001,SMG,Sirius SX12,infantry
1949,SMG,Skorpios,infantry
28000,SMG,SMG-46 Armistice,infantry
6002800,SMG,SMG-46AE Armistice,infantry
28005,SMG,SMG-46G Armistice,infantry
1899,SMG,Tempest,infantry
6003925,SMG,VE-S Canis,infantry
6004294,Sniper Rifle,AM7-XOXO,infantry
24002,Sniper Rifle,Impetus,infantry
25002,Sniper Rifle,KSR-35,infantry
6002943,Sniper Rifle,NS-AM7 AE/NC Archer,infantry
6002930,Sniper Rifle,NS-AM7 AE/TR Archer,infantry
802771,Sniper Rifle,NS-AM7 Archer,infantry
6002918,Sniper Rifle,NS-AM7 VS/AE Archer,infantry
802910,Sniper Rifle,NS-AM7B Archer,infantry
802921,Sniper Rifle,NS-AM7G Archer,infantry
6004992,Sniper Rifle,NS-AM8 Shortbow,infantry
26002,Sniper Rifle,Phantom VA23,infantry
6008496,Sniper Rifle,PSA-01 Hammerhead AMR,infantry
88,Sniper Rifle,99SV,sniper
7301,Sniper Rifle,AF-8 RailJack,sniper
1974,Sniper Rifle,Bighorn .50M,sniper
24004,Sniper Rifle,EM4 Longshot,sniper
6002758,Sniper Rifle,EM4-AE Longshot,sniper
24000,Sniper Rifle,Gauss SPR,sniper
26001,Sniper Rifle,Ghost,sniper
24003,Sniper Rifle,LA80,sniper
25000,Sniper Rifle,M77-B,sniper
87,Sniper Rifle,NC14 Bolt Driver,sniper
6008652,Sniper Rifle,"NSX ""Ivory"" Daimyo",sniper
6008670,Sniper Rifle,"NSX ""Networked"" Daimyo",sniper
804255,Sniper Rifle,NSX Daimyo,sniper
26004,Sniper Rifle,Parallax VX3,sniper
6002732,Sniper Rifle,Parallax VX3-AE,sniper
1979,Sniper Rifle,Parsec VX3-A,sniper
7337,Sniper Rifle,Phaseshift VX-S,sniper
25004,Sniper Rifle,RAMS .50M,sniper
6002745,Sniper Rifle,RAMS-AE .50M,sniper
24001,Sniper Rifle,SAS-R,sniper
6006850,Sniper Rifle,SR-200,sniper
25003,Sniper Rifle,SR-7,sniper
1969,Sniper Rifle,The Moonshot,sniper
7316,Sniper Rifle,TRAP-M1,sniper
25001,Sniper Rifle,TSAR-42,sniper
26003,Sniper Rifle,V10,sniper
89,Sniper Rifle,VA39 Spectre,sniper
26000,Sniper Rifle,XM98,sniper
3080,Sunderer Front Gunner,G30 Walker,gunner
3081,Sunderer Front Gunner,G30 Walker,gunner
3082,Sunderer Front Gunner,G30 Walker,gunner
6005233,Sunderer Front Gunner,G30 Walker,gunner
3086,Sunderer Front Gunner,G40-F Ranger,gunner
3087,Sunderer Front Gunner,G40-F Ranger,gunner
3088,Sunderer Front Gunner,G40-F Ranger,gunner
6005235,Sunderer Front Gunner,G40-F Ranger,gunner
2800,Sunderer Front Gunner,M12 Kobalt,gunner
2801,Sunderer Front Gunner,M12 Kobalt,gunner
2802,Sunderer Front Gunner,M12 Kobalt,gunner
6005239,Sunderer Front Gunner,M12 Kobalt,gunner
2803,Sunderer Front Gunner,M20 Basilisk,gunner
2804,Sunderer Front Gunner,M20 Basilisk,gunner
2805,Sunderer Front Gunner,M20 Basilisk,gunner
6005231,Sunderer Front Gunner,M20 Basilisk,gunner
2874,Sunderer Front Gunner,M40 Fury,gunner
2875,Sunderer Front Gunner,M40 Fury,gunner
2876,Sunderer Front Gunner,M40 Fury,gunner
6005237,Sunderer Front Gunner,M40 Fury,gunner
2832,Sunderer Front Gunner,M60-G Bulldog,gunner
2833,Sunderer Front Gunner,M60-G Bulldog,gunner
2834,Sunderer Front Gunner,M60-G Bulldog,gunner
6005241,Sunderer Front Gunner,M60-G Bulldog,gunner
3083,Sunderer Rear Gunner,G30 Walker,gunner
3084,Sunderer Rear Gunner,G30 Walker,gunner
3085,Sunderer Rear Gunner,G30 Walker,gunner
6005234,Sunderer Rear Gunner,G30 Walker,gunner
3089,Sunderer Rear Gunner,G40-F Ranger,gunner
3090,Sunderer Rear Gunner,G40-F Ranger,gunner
3091,Sunderer Rear Gunner,G40-F Ranger,gunner
6005236,Sunderer Rear Gunner,G40-F Ranger,gunner
2806,Sunderer Rear Gunner,M12 Kobalt,gunner
2807,Sunderer Rear Gunner,M12 Kobalt,gunner
2808,Sunderer Rear Gunner,M12 Kobalt,gunner
6005240,Sunderer Rear Gunner,M12 Kobalt,gunner
2809,Sunderer Rear Gunner,M20 Basilisk,gunner
2810,Sunderer Rear Gunner,M20 Basilisk,gunner
2811,Sunderer Rear Gunner,M20 Basilisk,gunner
6005232,Sunderer Rear Gunner,M20 Basilisk,gunner
2877,Sunderer Rear Gunner,M40 Fury,gunner
2878,Sunderer Rear Gunner,M40 Fury,gunner
2879,Sunderer Rear Gunner,M40 Fury,gunner
6005238,Sunderer Rear Gunner,M40 Fury,gunner
2835,Sunderer Rear Gunner,M60-G Bulldog,gunner
2836,Sunderer Rear Gunner,M60-G Bulldog,gunner
2837,Sunderer Rear Gunner,M60-G Bulldog,gunner
6005242,Sunderer Rear Gunner,M60-G Bulldog,gunner
6002421,UNKNOWN Admin: Base Gun,Admin: Base Gun,none
6002429,UNKNOWN BaseSmash: Crystal Gun,BaseSmash: Crystal Gun,none
6009860,UNKNOWN Dervish Default Nose Cannon,Dervish Default Nose Cannon,
6009927,UNKNOWN Dervish Heavy Nose Weapon,Dervish Heavy Nose Weapon,
6009928,UNKNOWN Dervish Micro-Rockets,Dervish Micro-Rockets,
6553,Valkyrie Nose Gunner,CAS 14-E,none
6554,Valkyrie Nose Gunner,CAS 14-E,none
6555,Valkyrie Nose Gunner,CAS 14-E,none
6005495,Valkyrie Nose Gunner,CAS 14-E,none
6556,Valkyrie Nose Gunner,Hellion G20,none
6557,Valkyrie Nose Gunner,Hellion G20,none
6558,Valkyrie Nose Gunner,Hellion G20,none
6005496,Valkyrie Nose Gunner,Hellion G20,none
6550,Valkyrie Nose Gunner,M20 Wyvern,none
6551,Valkyrie Nose Gunner,M20 Wyvern,none
6552,Valkyrie Nose Gunner,M20 Wyvern,none
6005494,Valkyrie Nose Gunner,M20 Wyvern,none
6559,Valkyrie Nose Gunner,Pelter Rocket Pod,none
6560,Valkyrie Nose Gunner,Pelter Rocket Pod,none
6561,Valkyrie Nose Gunner,Pelter Rocket Pod,none
6005497,Valkyrie Nose Gunner,Pelter Rocket Pod,none
6562,Valkyrie Nose Gunner,VLG Missile Launcher,none
6563,Valkyrie Nose Gunner,VLG Missile Launcher,none
6564,Valkyrie Nose Gunner,VLG Missile Launcher,none
6005498,Valkyrie Nose Gunner,VLG Missile Launcher,none
3707,Vanguard Gunner Weapon,C85 Canister,gunner
3709,Vanguard Gunner Weapon,E540 Halberd,gunner
3704,Vanguard Gunner Weapon,Enforcer ML85,gunner
3703,Vanguard Gunner Weapon,G30 Walker,gunner
3708,Vanguard Gunner Weapon,G40-F Ranger,gunner
6006399,Vanguard Gunner Weapon,Halberd SE,gunner
3701,Vanguard Gunner Weapon,M12 Kobalt,gunner
3702,Vanguard Gunner Weapon,M20 Basilisk,gunner
802899,Vanguard Gunner Weapon,M96 Mjolnir,gunner
3756,Vanguard Primary Weapon,150mm Titan-R HEAT,armor
3730,Vanguard Primary Weapon,Titan-150 AP,armor
3700,Vanguard Primary Weapon,Titan-150 HEAT,armor
3731,Vanguard Primary Weapon,Titan-150 HESH,armor
6008733,Vehicle Abilities,NEST Launcher,none
728,Vehicle Weapons,UNKNOWN Vehicle Weapons #728,
729,Vehicle Weapons,UNKNOWN Vehicle Weapons #729,
731,Vehicle Weapons,UNKNOWN Vehicle Weapons #731,
732,Vehicle Weapons,UNKNOWN Vehicle Weapons #732,
700,Vehicle Weapons,Aspis Anti-Aircraft Phalanx Turret,none
701,Vehicle Weapons,Aspis Anti-Aircraft Phalanx Turret,none
702,Vehicle Weapons,Aspis Anti-Aircraft Phalanx Turret,none
727,Vehicle Weapons,Aspis Anti-Aircraft Phalanx Turret,none
6002396,Vehicle Weapons,Glaive IPC,none
6002397,Vehicle Weapons,Glaive IPC,none
6002398,Vehicle Weapons,Glaive IPC,none
6006069,Vehicle Weapons,Glaive IPC,none
803594,Vehicle Weapons,Hoplon Anti-Aircraft Phalanx Tower,none
803595,Vehicle Weapons,Hoplon Anti-Aircraft Phalanx Tower,none
803596,Vehicle Weapons,Hoplon Anti-Aircraft Phalanx Tower,none
803597,Vehicle Weapons,Hoplon Anti-Aircraft Phalanx Tower,none
803431,Vehicle Weapons,Spear Anti-Vehicle Phalanx Tower,none
803432,Vehicle Weapons,Spear Anti-Vehicle Phalanx Tower,none
803433,Vehicle Weapons,Spear Anti-Vehicle Phalanx Tower,none
803434,Vehicle Weapons,Spear Anti-Vehicle Phalanx Tower,none
703,Vehicle Weapons,Spear Anti-Vehicle Phalanx Turret,none
704,Vehicle Weapons,Spear Anti-Vehicle Phalanx Turret,none
705,Vehicle Weapons,Spear Anti-Vehicle Phalanx Turret,none
730,Vehicle Weapons,Spear Anti-Vehicle Phalanx Turret,none
6002450,Vehicle Weapons,Spear Anti-Vehicle Phalanx Turret,none
6002451,Vehicle Weapons,Spear Anti-Vehicle Phalanx Turret,none
6002452,Vehicle Weapons,Spear Anti-Vehicle Phalanx Turret,none
6009835,Vehicle Weapons,Spear Anti-Vehicle Phalanx Turret,none
6004400,Vehicle Weapons,The Flail,none
6004444,Vehicle Weapons,The Flail,none
6004445,Vehicle Weapons,The Flail,none
6006068,Vehicle Weapons,The Flail,none
803598,Vehicle Weapons,Xiphos Anti-Personnel Phalanx Tower,none
803599,Vehicle Weapons,Xiphos Anti-Personnel Phalanx Tower,none
803600,Vehicle Weapons,Xiphos Anti-Personnel Phalanx Tower,none
803601,Vehicle Weapons,Xiphos Anti-Personnel Phalanx Tower,none
551,Vehicle Weapons,Xiphos Anti-Personnel Phalanx Turret,none
552,Vehicle Weapons,Xiphos Anti-Personnel Phalanx Turret,none
553,Vehicle Weapons,Xiphos Anti-Personnel Phalanx Turret,none
724,Vehicle Weapons,Xiphos Anti-Personnel Phalanx Turret,none
725,Vehicle Weapons,Xiphos Anti-Personnel Phalanx Turret,none
726,Vehicle Weapons,Xiphos Anti-Personnel Phalanx Turret,none
6005544,Wasp Prototype Wing Mount,Pummeler Rocket Pods,
6005545,Wasp Prototype Wing Mount,Pummeler Rocket Pods,
6005546,Wasp Prototype Wing Mount,Pummeler Rocket Pods,
6006172,Wasp Prototype Wing Mount,Pummeler Rocket Pods,
6006173,Wasp Prototype Wing Mount,Pummeler Rocket Pods,
6006174,Wasp Prototype Wing Mount,Pummeler Rocket Pods,
6006284,Wasp Prototype Wing Mount,Pummeler Rocket Pods,
6006285,Wasp Prototype Wing Mount,Pummeler Rocket Pods,